,License_Number,Visit_Date,Penalty_Type,Case_No,WAC_Code,Violation_Type,Unnamed: 10,Visit_Date_Timestamp
0,412239,5/2/2014,Written Warning,7F4122A,314.55.083(2),(MJ) Failure to maintain required security alarm and surveillance systems. (producer),,1398988800
1,412239,5/2/2014,Written Warning,7F4122A,314.55.020,(MJ) Operating plan: Violations of a board-approved operating plan.,,1398988800
2,412069,5/12/2014,Fine,7A42132A,314.55.083(3),(MJ) Failure to maintain required security alarm and surveillance systems. (producer),,1399852800
3,412069,5/12/2014,Fine,7A42132A,314.55.083(4),(MJ) Failure to utilize and/or maintain traceability. (producer),,1399852800
4,412069,5/12/2014,Fine,7A42132A,314.55.083(1),(MJ) Licensee/employee failing to display required security badge.,,1399852800
5,412069,5/12/2014,Fine,7A42132A,314.55.020,(MJ) Operating plan: Violations of a board-approved operating plan.,,1399852800
6,414417,7/23/2014,Written Warning,3L4204A,314.55.020,(MJ) Operating plan: Violations of a board-approved operating plan.,,1406073600
7,413347,7/25/2014,Written Warning,4X4206A,314.55.083(4),(MJ) Failure to utilize and/or maintain traceability (processor or retail licensee).,,1406246400
8,412943,7/25/2014,Fine,7D4206A,314.55.083(3),(MJ) Failure to maintain required security alarm and surveillance systems. (producer),,1406246400
9,412943,7/25/2014,Fine,7D4206A,314.55.083(4),(MJ) Failure to utilize and/or maintain traceability. (producer),,1406246400
10,412943,7/25/2014,Fine,7D4206A,314.55.083(1),(MJ) Licensee/employee failing to display required security badge.,,1406246400
11,414225,7/29/2014,Written Warning,4F4210A,314.55.087,(MJ) Records: Improper recordkeeping.,,1406592000
12,412149,8/20/2014,Fine,7B4237A,314.55.083(4),(MJ) Failure to utilize and/or maintain traceability. (producer),,1408492800
13,412149,8/20/2014,Fine,7B4237A,314.55.085,(MJ) Violation of transportation requirements.,,1408492800
14,412149,8/25/2014,Fine,7B4237A,314.55.020,(MJ) Operating plan: Violations of a board-approved operating plan.,,1408924800
15,412943,8/29/2014,Written Warning,7D4241C,314.55.097,(MJ) Failure for a producer to meet marijuana waste disposal requirements. (producer),,1409270400
16,412943,8/29/2014,Written Warning,7D4241C,314.55.083(3),(MJ) Failure to maintain required security alarm and surveillance systems. (producer),,1409270400
17,412218,8/29/2014,Written Warning,7D4241A,314.55.097,(MJ) Failure for a producer to meet marijuana waste disposal requirements. (producer),,1409270400
18,412218,8/29/2014,Written Warning,7D4241A,314.55.083(3),(MJ) Failure to maintain required security alarm and surveillance systems. (producer),,1409270400
19,412218,8/29/2014,Written Warning,7D4241A,314.55.083(4),(MJ) Failure to utilize and/or maintain traceability. (producer),,1409270400
20,412061,9/16/2014,Fine,7O4262A,314.55.083(4),(MJ) Unauthorized product/unapproved storage or delivery. (producer),,1410825600
21,414723,9/18/2014,Written Warning,7D4261B,69.50.357,"(MJ) Advertising violations: Sign exceeding 1600 square inches; within 1000 feet of prohibited areas; on or in public transit vehicles, shelters, or publicly owned or operated property.",,1410998400
22,414723,9/18/2014,Written Warning,7D4261B,314.55.083(4),(MJ) Failure to utilize and/or maintain traceability (processor or retail licensee).,,1410998400
23,414723,9/18/2014,Written Warning,7D4261B,69.50.328,(MJ) Misrepresentation of fact.,,1410998400
24,414723,9/18/2014,Written Warning,7D4261B,314.55.087,(MJ) Records: Improper recordkeeping.,,1410998400
25,414723,9/18/2014,Written Warning,7D4261B,314.55.079,(MJ) Violation of transportation requirements.,,1410998400
26,412672,9/18/2014,Fine,7D4261A,314.55.083(4),(MJ) Failure to utilize and/or maintain traceability. (producer),,1410998400
27,412672,9/18/2014,Fine,7D4261A,314.55.085,(MJ) Violation of transportation requirements. (producer),,1410998400
28,412681,9/23/2014,Fine,7D4266C,314.55.083(3),(MJ) Failure to maintain required security alarm and surveillance systems. (producer),,1411430400
29,412681,9/23/2014,Fine,7D4266C,314.55.083(4),(MJ) Failure to utilize and/or maintain traceability. (producer),,1411430400
30,412681,9/23/2014,Fine,7D4266C,314.55.083(1),(MJ) Licensee/employee failing to display required security badge.,,1411430400
31,412681,9/23/2014,Fine,7D4266C,69.50.328,(MJ) Misrepresentation of fact.,,1411430400
32,412681,9/23/2014,Fine,7D4266C,314.55.020,(MJ) Operating plan: Violations of a board-approved operating plan.,,1411430400
33,412063,9/23/2014,Written Warning,7D4266A,314.55.083(4),(MJ) Failure to utilize and/or maintain traceability. (producer),,1411430400
34,412063,9/23/2014,Written Warning,7D4266A,314.55.085,(MJ) Violation of transportation requirements. (producer),,1411430400
35,412061,9/25/2014,Fine,7O4268A,314.55.083(3),(MJ) Failure to maintain required security alarm and surveillance systems.,,1411603200
36,412672,9/26/2014,Written Warning,7G4269A,314.55.083(4),(MJ) Failure to utilize and/or maintain traceability (processor or retail licensee).,,1411689600
37,412149,10/1/2014,Fine,7B4337A,314.55.089,(MJ) Failure to submit monthly tax reports and/or payments.,,1412121600
38,412069,10/1/2014,Written Warning,7F4274A,314.55.155(2),(MJ) Advertising: Violations (statements/illustrations).,,1412121600
39,412069,10/2/2014,Written Warning,7F4275A,314.55.083(1),(MJ) Licensee/employee failing to display required security badge.,,1412208000
40,412418,10/2/2014,Written Warning,7H4275A,314.55.083(3),(MJ) Failure to maintain required security alarm and surveillance systems.,,1412208000
41,412304,10/3/2014,Written Warning,7N4276B,314.55.092,(MJ) Failure to submit monthly tax reports and/or payments (producer),,1412294400
42,416231,10/3/2014,Written Warning,7N4276A,314.55.092,(MJ) Failure to submit monthly tax reports and/or payments (producer),,1412294400
43,412688,10/3/2014,Written Warning,7L4276A,314.55.020,(MJ) Operating plan: Violations of a board-approved operating plan.,,1412294400
44,413762,10/3/2014,Written Warning,3C4276A,314.55.089,(MJ) Failure to submit monthly tax reports and/or payments.,,1412294400
45,412603,10/3/2014,Fine,7O4281A,314.55.089,(MJ) Failure to submit monthly tax reports and/or payments (producer),,1412294400
46,412053,10/6/2014,Fine,7M4279A,314.55.083(2),(MJ) Failure to maintain required security alarm and surveillance systems. (producer),,1412553600
47,412053,10/6/2014,Fine,7M4279A,314.55.083(3),(MJ) Failure to maintain required security alarm and surveillance systems. (producer),,1412553600
48,412053,10/6/2014,Fine,7M4279A,314.55.020,(MJ) Operating plan: Violations of a board-approved operating plan.,,1412553600
49,413179,10/8/2014,Written Warning,7G4281I,314.55.089,(MJ) Failure to submit monthly tax reports and/or payments.,,1412726400
50,416544,10/8/2014,Written Warning,7D4281A,314.55.083(4),(MJ) Failure to utilize and/or maintain traceability. (producer),,1412726400
51,353260,10/11/2014,Fine,1W4314A,314.55.083(4),(MJ) Failure to utilize and/or maintain traceability (processor or retail licensee).,,1412985600
52,414101,10/15/2014,Written Warning,4X4288A,314.55.089,(MJ) Failure to submit monthly tax reports and/or payments.,,1413331200
53,414042,10/15/2014,Fine,7G4288A,314.55.083(3),(MJ) Failure to maintain required security alarm and surveillance systems.,,1413331200
54,414042,10/15/2014,Fine,7G4288A,314.55.083(4),(MJ) Failure to utilize and/or maintain traceability. (producer),,1413331200
55,414042,10/15/2014,Fine,7G4288A,314.55.083(1),(MJ) Licensee/employee failing to display required security badge.,,1413331200
56,414042,10/15/2014,Fine,7G4288A,314.55.020,(MJ) Operating plan: Violations of a board-approved operating plan.,,1413331200
57,412402,10/17/2014,Fine,7O4290A,314.55.085,(MJ) Violation of transportation requirements.,,1413504000
58,417526,10/17/2014,Fine,7M4290A,314.55.083(4),(MJ) Failure to utilize and/or maintain traceability (processor or retail licensee).,,1413504000
59,417526,10/17/2014,Fine,7M4290A,314.55.105,(MJ) Packaging and/or labeling violations (processor/retailer).,,1413504000
60,412240,10/22/2014,Written Warning,7H4295A,314.55.020,(MJ) Operating plan: Violations of a board-approved operating plan.,,1413936000
61,412149,10/24/2014,Written Warning,7B4297A,314.55.020,(MJ) Operating plan: Violations of a board-approved operating plan.,,1414108800
62,413864,10/24/2014,Cancellation of License,7I4297A,314.55.083(4),(MJ) Failure to utilize and/or maintain traceability. (producer),,1414108800
63,412079,10/27/2014,Written Warning,7E4300A,314.55.083(3),(MJ) Failure to maintain required security alarm and surveillance systems.,,1414368000
64,415762,10/31/2014,Fine,7H4304A,314.55.085,(MJ) Violation of transportation requirements.,,1414713600
65,412106,10/31/2014,Fine,7D4305C,314.55.083(3),(MJ) Failure to maintain required security alarm and surveillance systems. (producer),,1414713600
66,412106,10/31/2014,Fine,7D4305C,314.55.083(4),(MJ) Failure to utilize and/or maintain traceability. (producer),,1414713600
67,412106,10/31/2014,Fine,7D4305C,314.55.083(1),(MJ) Licensee/employee failing to display required security badge.,,1414713600
68,412585,11/1/2014,Written Warning,7D4324A,314.55.084,"(MJ) Using unauthorized pesticides, soil amendments, fertilizers, other crop production aids.",,1414800000
69,412585,11/1/2014,Fine,7D4305A,314.55.083(4),(MJ) Failure to utilize and/or maintain traceability. (producer),,1414800000
70,412585,11/1/2014,Fine,7D4305A,314.55.020,(MJ) Operating plan: Violations of a board-approved operating plan.,,1414800000
71,412585,11/1/2014,Fine,7D4305A,314.55.084,"(MJ) Using unauthorized pesticides, soil amendments, fertilizers, other crop production aids.",,1414800000
72,413078,11/1/2014,Fine,7G4305A,314.55.083(3),(MJ) Failure to maintain required security alarm and surveillance systems. (producer),,1414800000
73,413078,11/1/2014,Fine,7G4305A,314.55.083(4),(MJ) Failure to utilize and/or maintain traceability. (producer),,1414800000
74,412784,11/6/2014,Written Warning,7L4310A,314.55.075,(MJ) Unauthorized sale to a retail licensee. (producer),,1415232000
75,412672,11/7/2014,Written Warning,7G4311A,314.55.155(2),(MJ) Advertising: Violations (statements/illustrations).,,1415318400
76,416551,11/11/2014,Fine,7N4316A,314.55.083(3),(MJ) Failure to maintain required security alarm and surveillance systems. (producer),,1415664000
77,412084,11/12/2014,Written Warning,7O4316A,314.55.085,(MJ) Violation of transportation requirements.,,1415750400
78,414983,11/18/2014,Written Warning,3L4325A,314.55.155(2),(MJ) Advertising: Violations (statements/illustrations).,,1416268800
79,412106,11/20/2014,Written Warning,7D4324B,314.55.083(3),(MJ) Failure to maintain required security alarm and surveillance systems. (producer),,1416441600
80,412106,11/20/2014,Written Warning,7D4324B,314.55.083(4),(MJ) Failure to utilize and/or maintain traceability (processor or retail licensee).,,1416441600
81,412106,11/20/2014,Written Warning,7D4324B,314.55.087,(MJ) Records: Improper recordkeeping. (producer),,1416441600
82,412585,11/20/2014,Written Warning,7D4324A,314.55.020,(MJ) Operating plan: Violations of a board-approved operating plan.,,1416441600
83,412585,11/20/2014,Written Warning,7D4324A,314.55.087(1)(f),"(MJ) Using unauthorized pesticides, soil amendments, fertilizers, other crop production aids.",,1416441600
84,412044,11/25/2014,Fine,7D4329A,314.55.097,(MJ) Failure for a producer to meet marijuana waste disposal requirements. (producer),,1416873600
85,412044,11/25/2014,Fine,7D4329A,314.55.083(3),(MJ) Failure to maintain required security alarm and surveillance systems. (producer),,1416873600
86,412044,11/25/2014,Fine,7D4329A,314.55.083(4),(MJ) Failure to utilize and/or maintain traceability (processor or retail licensee).,,1416873600
87,412044,11/25/2014,Fine,7D4329A,314.55.083(4),(MJ) Failure to utilize and/or maintain traceability. (producer),,1416873600
88,412044,11/25/2014,Fine,7D4329A,314.55.087,(MJ) Records: Improper recordkeeping. (producer),,1416873600
89,414042,12/1/2014,Fine,7G4335A,314.55.083(3),(MJ) Failure to maintain required security alarm and surveillance systems. (producer),,1417392000
90,414042,12/1/2014,Fine,7G4335A,314.55.020,(MJ) Operating plan: Violations of a board-approved operating plan.,,1417392000
91,414042,12/3/2014,Destruction of harvestable plants,7G4337A,314.55.083(4),(MJ) Failure to utilize and/or maintain traceability. (producer),,1417564800
92,414042,12/3/2014,Destruction of harvestable plants,7G4337A,314.55.083(3),(MJ) Failure to maintain required security alarm and surveillance systems. (producer),,1417564800
93,413683,12/8/2014,Written Warning,3H4342A,314.55.083(4),(MJ) Failure to utilize and/or maintain traceability (processor or retail licensee).,,1417996800
94,413683,12/9/2014,Written Warning,3H4343A,314.55.155(1),"(MJ) Advertising violations: Sign exceeding 1600 square inches; within 1000 feet of prohibited areas; on or in public transit vehicles, shelters, or publicly owned or operated property.",,1418083200
95,416548,12/11/2014,Written Warning,7O4345A,314.55.083(3),(MJ) Failure to maintain required security alarm and surveillance systems.,,1418256000
96,413558,12/12/2014,Written Warning,2E4346A,314.55.155(2),(MJ) Advertising: Violations (statements/illustrations).,,1418342400
97,413134,12/15/2014,Written Warning,7H5027A,314.55.083(4),(MJ) Failure to utilize and/or maintain traceability. (producer),,1418601600
98,412118,12/16/2014,Fine,7D4350A,314.55.083(4),(MJ) Failure to utilize and/or maintain traceability. (producer),,1418688000
99,412118,12/16/2014,Fine,7D4350A,314.55.020,(MJ) Operating plan: Violations of a board-approved operating plan.,,1418688000
100,416539,12/17/2014,Written Warning,7N4351A,314.55.083(3),(MJ) Failure to maintain required security alarm and surveillance systems.,,1418774400
101,416539,12/17/2014,Written Warning,7N4351A,314.55.083(4),(MJ) Failure to utilize and/or maintain traceability. (producer),,1418774400
102,416539,12/17/2014,Written Warning,7N4351A,314.55.085,(MJ) Violation of transportation requirements.,,1418774400
103,415822,12/18/2014,Fine,7D4352A,314.55.083(4),(MJ) Failure to utilize and/or maintain traceability (processor or retail licensee).,,1418860800
104,412402,12/18/2014,Written Warning,7N4352A,314.55.155(2),(MJ) Advertising: Violations (statements/illustrations).,,1418860800
105,417394,12/30/2014,Written Warning,7O4364A,314.55.083(4),(MJ) Failure to utilize and/or maintain traceability. (producer),,1419897600
106,413739,12/31/2014,Written Warning,4X4365A,314.55.155(2),(MJ) Advertising: Violations (statements/illustrations).,,1419984000
107,414680,1/5/2015,Fine,3G5005A,314.55.083(1),(MJ) Licensee/employee failing to display required security badge.,,1420416000
108,414680,1/5/2015,Fine,3G5005A,314.55.083(4),(MJ) Failure to utilize and/or maintain traceability (processor or retail licensee).,,1420416000
109,414680,1/5/2015,Fine,3G5005A,69.50.357,(MJ) Licensee and/or employee open and/or consuming marijuana on a  licensed premises.,,1420416000
110,412299,1/5/2015,Fine,7D5005A,314.55.083(3),(MJ) Failure to maintain required security alarm and surveillance systems. (producer),,1420416000
111,412299,1/5/2015,Fine,7D5005A,314.55.083(4),(MJ) Failure to utilize and/or maintain traceability (processor or retail licensee).,,1420416000
112,412299,1/5/2015,Fine,7D5005A,314.55.083(4),(MJ) Failure to utilize and/or maintain traceability. (producer),,1420416000
113,416548,1/5/2015,Written Warning,7O5005A,314.55.085,(MJ) Violation of transportation requirements.,,1420416000
114,414418,1/6/2015,Fine,1W5006A,314.55.083(4),(MJ) Failure to utilize and/or maintain traceability (processor or retail licensee).,,1420502400
115,416315,1/6/2015,Written Warning,7G5006A,314.55.083(4),(MJ) Failure to utilize and/or maintain traceability. (producer),,1420502400
116,415695,1/9/2015,Written Warning,3W5023A,314.55.083(4),(MJ) Failure to utilize and/or maintain traceability (processor or retail licensee).,,1420761600
117,414785,1/12/2015,Written Warning,2E5012A,314.55.086,(MJ) Signs: Failure to post required signs.,,1421020800
118,414785,1/12/2015,Written Warning,2E5012A,314.55.083(4),(MJ) Failure to utilize and/or maintain traceability (processor or retail licensee).,,1421020800
119,412672,1/13/2015,Written Warning,7G5013A,314.55.083(4),(MJ) Failure to utilize and/or maintain traceability (processor or retail licensee).,,1421107200
120,412672,1/13/2015,Written Warning,7G5013A,314.55.020,(MJ) Operating plan: Violations of a board-approved operating plan.,,1421107200
121,414785,1/15/2015,Written Warning,2E5015A,314.55.155(2),(MJ) Advertising: Violations (statements/illustrations).,,1421280000
122,414395,1/15/2015,Cancellation of License,7M5034A,314.55.050,(MJ) Misrepresentation of fact.,,1421280000
123,414395,1/15/2015,Cancellation of License,7M5034A,314.55.035,(MJ) True party of interest violation.,,1421280000
124,412044,1/22/2015,Written Warning,7D5022A,314.55.083(4),(MJ) Failure to utilize and/or maintain traceability. (producer),,1421884800
125,413712,1/22/2015,Written Warning,7G5022A,314.55.083(3),(MJ) Failure to maintain required security alarm and surveillance systems. (producer),,1421884800
126,413586,1/27/2015,Written Warning,4Q5043A,314.55.083(4),(MJ) Failure to utilize and/or maintain traceability (processor or retail licensee).,,1422316800
127,415459,1/27/2015,Written Warning,7N5043A,314.55.083(4),(MJ) Failure to utilize and/or maintain traceability (processor or retail licensee).,,1422316800
128,413600,1/27/2015,Written Warning,4I5037C,314.55.155(1),"(MJ) Advertising violations: Sign exceeding 1600 square inches; within 1000 feet of prohibited areas; on or in public transit vehicles, shelters, or publicly owned or operated property.",,1422316800
129,413481,1/27/2015,Written Warning,4I5037B,314.55.155(1),"(MJ) Advertising violations: Sign exceeding 1600 square inches; within 1000 feet of prohibited areas; on or in public transit vehicles, shelters, or publicly owned or operated property.",,1422316800
130,415998,1/28/2015,Written Warning,7E5028A,314.55.083(6),(MJ) Operating plan: Violations of a board-approved operating plan.,,1422403200
131,414569,1/28/2015,Written Warning,3W5028A,314.55.155(1),"(MJ) Advertising violations: Sign exceeding 1600 square inches; within 1000 feet of prohibited areas; on or in public transit vehicles, shelters, or publicly owned or operated property.",,1422403200
132,413021,1/29/2015,Written Warning,7H5029A,314.55.083(4),(MJ) Failure to utilize and/or maintain traceability (processor or retail licensee).,,1422489600
133,412830,1/29/2015,Written Warning,7M5056A,314.55.083(4),(MJ) Failure to utilize and/or maintain traceability (processor or retail licensee).,,1422489600
134,416843,1/29/2015,Written Warning,7N5036A,314.55.083(4),(MJ) Failure to utilize and/or maintain traceability (processor or retail licensee).,,1422489600
135,414569,1/29/2015,Written Warning,3W5034A,69.50.357,(MJ) Retailer displaying products in a manner visible to the general public from a public right of way.,,1422489600
136,414225,1/29/2015,Fine,4C5029A,314.55.155(1),(MJ) Advertising: Violations (statements/illustrations).,,1422489600
137,414225,1/29/2015,Fine,4C5029A,314.55.015,(MJ) Operating plan: Violations of a board-approved operating plan.,,1422489600
138,414225,1/29/2015,Fine,4C5029A,314.55.020,(MJ) Operating plan: Violations of a board-approved operating plan.,,1422489600
139,413737,2/1/2015,Fine,3W5032A,314.55.083(1),(MJ) Licensee/employee failing to display required security badge.,,1422748800
140,416400,2/2/2015,Written Warning,7N5042A,314.55.084,"(MJ) Using unauthorized pesticides, soil amendments, fertilizers, other crop production aids.",,1422835200
141,412061,2/3/2015,Written Warning,7O5037A,314.55.083(3),(MJ) Failure to maintain required security alarm and surveillance systems. (producer),,1422921600
142,412061,2/3/2015,Written Warning,7O5037A,314.55.083(4),(MJ) Failure to utilize and/or maintain traceability. (producer),,1422921600
143,413711,2/4/2015,Written Warning,7M5035A,82.26.190,Miscellaneous Violation,,1423008000
144,413773,2/4/2015,Written Warning,4F5035A,69.50.357,(MJ) Retail outlet selling unauthorized products.,,1423008000
145,413773,2/4/2015,Written Warning,4F5035A,82.26.190,Miscellaneous Violation,,1423008000
146,415700,2/6/2015,Written Warning,7G5037B,314.55.083(4),(MJ) Failure to utilize and/or maintain traceability (processor or retail licensee).,,1423180800
147,415325,2/6/2015,Fine,2E5037A,314.55.155(1),"(MJ) Advertising violations: Sign exceeding 1600 square inches; within 1000 feet of prohibited areas; on or in public transit vehicles, shelters, or publicly owned or operated property.",,1423180800
148,413372,2/7/2015,Written Warning,2T5038A,314.55.155(1),"(MJ) Advertising violations: Sign exceeding 1600 square inches; within 1000 feet of prohibited areas; on or in public transit vehicles, shelters, or publicly owned or operated property.",,1423267200
149,414983,2/7/2015,Written Warning,3W5038A,69.50.357,(MJ) Retailer displaying products in a manner visible to the general public from a public right of way.,,1423267200
150,414664,2/10/2015,Written Warning,4X5041A,314.55.155(2),(MJ) Advertising: Violations (statements/illustrations).,,1423526400
151,414755,2/10/2015,Written Warning,4I5041A,314.55.155(1),"(MJ) Advertising violations: Sign exceeding 1600 square inches; within 1000 feet of prohibited areas; on or in public transit vehicles, shelters, or publicly owned or operated property.",,1423526400
152,412284,2/10/2015,Cancellation of License,7I5041A,314.55.035,(MJ) True party of interest violation.,,1423526400
153,414140,2/13/2015,Written Warning,7H5044A,314.55.020,(MJ) Operating plan: Violations of a board-approved operating plan.,,1423785600
154,415325,2/13/2015,Fine,2A5044C,314.55.083(4),(MJ) Failure to utilize and/or maintain traceability (processor or retail licensee).,,1423785600
155,414140,2/13/2015,Written Warning,7H5044A,314.55.083(4),(MJ) Failure to utilize and/or maintain traceability. (producer),,1423785600
156,415325,2/13/2015,Fine,2A5050A,314.55.083(4),(MJ) Failure to utilize and/or maintain traceability (processor or retail licensee).,,1423785600
157,413369,2/17/2015,Written Warning,4X5049A,314.55.155(2),(MJ) Advertising: Violations (statements/illustrations).,,1424131200
158,413287,2/18/2015,Written Warning,7N5055A,314.55.155(2),(MJ) Advertising: Violations (statements/illustrations).,,1424217600
159,413718,2/19/2015,Fine,7D5050A,314.55.083(4),(MJ) Failure to utilize and/or maintain traceability. (producer),,1424304000
160,413718,2/19/2015,Fine,7D5050A,314.55.083(5),(MJ) Failure to utilize and/or maintain traceability. (producer),,1424304000
161,413718,2/19/2015,Fine,7D5050A,314.55.020,(MJ) Operating plan: Violations of a board-approved operating plan.,,1424304000
162,415325,2/19/2015,Fine,2A5050A,314.55.089,(MJ) Failure to submit monthly tax reports and/or payments.,,1424304000
163,412784,2/19/2015,Fine,7L5105A,314.55.083(4),(MJ) Failure to utilize and/or maintain traceability (processor or retail licensee).,,1424304000
164,412672,2/23/2015,Fine,7D5054A,314.55.083(3),(MJ) Failure to maintain required security alarm and surveillance systems. (producer),,1424649600
165,412672,2/23/2015,Fine,7D5054A,314.55.083(4),(MJ) Failure to utilize and/or maintain traceability (processor or retail licensee).,,1424649600
166,414785,2/23/2015,Fine,2E5054A,314.55.083(4),(MJ) Failure to utilize and/or maintain traceability (processor or retail licensee).,,1424649600
167,414785,2/23/2015,Fine,2E5054A,314.55.089,(MJ) Failure to submit monthly tax reports and/or payments.,,1424649600
168,412672,3/2/2015,Written Warning,7D5061A,314.55.083(4),(MJ) Failure to utilize and/or maintain traceability. (producer),,1425254400
169,416231,3/2/2015,Fine,7N5061A,314.55.082,(MJ) Failure to maintain required insurance.,,1425254400
170,412214,3/5/2015,Written Warning,7H5064A,314.55.020,(MJ) Operating plan: Violations of a board-approved operating plan.,,1425513600
171,412969,3/6/2015,Written Warning,7H5084A,314.55.083(4),(MJ) Failure to utilize and/or maintain traceability. (producer),,1425600000
172,412720,3/6/2015,Fine,3W5076A,314.55.085,(MJ) Violation of transportation requirements.,,1425600000
173,414785,3/9/2015,Fine,2E5068A,314.55.105,(MJ) Packaging and/or labeling violations (processor/retailer).,,1425859200
174,415325,3/9/2015,Fine,2A5068A,314.55.105,(MJ) Packaging and/or labeling violations (processor/retailer).,,1425859200
175,413803,3/10/2015,Fine,2M5069A,314.55.155(2),(MJ) Advertising: Violations (statements/illustrations).,,1425945600
176,416548,3/12/2015,Fine,7O5113A,314.55.083(4),(MJ) Failure to utilize and/or maintain traceability (processor or retail licensee).,,1426118400
177,416548,3/12/2015,Fine,7O5113A,314.55.105,(MJ) Packaging and/or labeling violations (processor/retailer).,,1426118400
178,416548,3/12/2015,Fine,7O5113A,314.55.087,(MJ) Records: Improper recordkeeping.,,1426118400
179,416548,3/12/2015,Fine,7O5113A,314.55.085,(MJ) Violation of transportation requirements.,,1426118400
180,413773,3/12/2015,Written Warning,4F5071A,314.55.083(4),(MJ) Failure to utilize and/or maintain traceability (processor or retail licensee).,,1426118400
181,413773,3/12/2015,Written Warning,4F5071A,314.55.105,(MJ) Packaging and/or labeling violations (processor/retailer).,,1426118400
182,413773,3/12/2015,Written Warning,4F5071A,314.55.085,(MJ) Violation of transportation requirements.,,1426118400
183,412784,3/17/2015,Fine,7L5079A,314.55.085,(MJ) Violation of transportation requirements.,,1426550400
184,412784,3/20/2015,Fine,7L5079A,314.55.083(4),(MJ) Failure to utilize and/or maintain traceability (processor or retail licensee).,,1426809600
185,416155,3/25/2015,Fine,7M5084A,314.55.083(4),(MJ) Failure to utilize and/or maintain traceability. (producer),,1427241600
186,416155,3/25/2015,Fine,7M5084A,314.55.087,(MJ) Records: Improper recordkeeping. (producer),,1427241600
187,416155,3/25/2015,Fine,7M5084A,314.55.083(3),(MJ) Failure to maintain required security alarm and surveillance systems. (producer),,1427241600
188,412070,3/25/2015,Written Warning,7D5084A,314.55.083(4),(MJ) Failure to utilize and/or maintain traceability (processor or retail licensee).,,1427241600
189,412070,3/25/2015,Written Warning,7D5084A,314.55.083(4),(MJ) Failure to utilize and/or maintain traceability. (producer),,1427241600
190,412070,3/25/2015,Written Warning,7D5084A,314.55.083(4),(MJ) Failure to utilize and/or maintain traceability. (producer),,1427241600
191,412070,3/25/2015,Written Warning,7D5084A,314.55.084,"(MJ) Using unauthorized pesticides, soil amendments, fertilizers, other crop production aids.",,1427241600
192,413737,3/26/2015,Fine,3G5085A,314.55.083(4),(MJ) Failure to utilize and/or maintain traceability (processor or retail licensee).,,1427328000
193,413773,3/30/2015,Written Warning,4A5089A,314.55.083(4),(MJ) Failure to utilize and/or maintain traceability (processor or retail licensee).,,1427673600
194,412069,4/8/2015,Fine,7G5098A,314.55.083(4),(MJ) Failure to utilize and/or maintain traceability (processor or retail licensee).,,1428451200
195,412069,4/8/2015,Fine,7G5098A,314.55.020,(MJ) Operating plan: Violations of a board-approved operating plan.,,1428451200
196,412069,4/8/2015,Fine,7G5098A,314.55.105,(MJ) Packaging and/or labeling violations (processor/retailer).,,1428451200
197,414500,4/14/2015,Fine,3H5104A,314.55.155(1),"(MJ) Advertising violations: Sign exceeding 1600 square inches; within 1000 feet of prohibited areas; on or in public transit vehicles, shelters, or publicly owned or operated property.",,1428969600
198,412262,4/15/2015,Written Warning,7H5105A,314.55.083(4),(MJ) Failure to utilize and/or maintain traceability. (producer),,1429056000
199,414963,4/15/2015,Written Warning,1F5105A,314.55.083(4),(MJ) Failure to utilize and/or maintain traceability (processor or retail licensee).,,1429056000
200,412144,4/16/2015,Fine,7M5106A,314.55.083(4),(MJ) Failure to utilize and/or maintain traceability. (producer),,1429142400
201,412144,4/16/2015,Fine,7M5106A,314.55.083(3),(MJ) Failure to maintain required security alarm and surveillance systems. (producer),,1429142400
202,412217,4/16/2015,Written Warning,7N5106A,314.55.083(3),(MJ) Failure to maintain required security alarm and surveillance systems.,,1429142400
203,413258,4/20/2015,Written Warning,1T5110A,314.55.155,(MJ) Advertising: Violations (statements/illustrations).,,1429488000
204,413737,4/23/2015,Fine,3G5113A,314.55.083(4),(MJ) Failure to utilize and/or maintain traceability (processor or retail licensee).,,1429747200
205,412148,4/23/2015,Fine,7G5113A,314.55.083(4),(MJ) Failure to utilize and/or maintain traceability (processor or retail licensee).,,1429747200
206,412148,4/23/2015,Fine,7G5113A,314.55.105,(MJ) Packaging and/or labeling violations (processor/retailer).,,1429747200
207,412070,4/24/2015,Fine,7O5121A,314.55.105,(MJ) Packaging and/or labeling violations (processor/retailer).,,1429833600
208,414780,4/26/2015,Written Warning,2E5116A,314.55.155(1),"(MJ) Advertising violations: Sign exceeding 1600 square inches; within 1000 feet of prohibited areas; on or in public transit vehicles, shelters, or publicly owned or operated property.",,1430006400
209,414780,4/26/2015,Written Warning,2E5116A,314.55.155,(MJ) Advertising: Violations (statements/illustrations).,,1430006400
210,416231,4/28/2015,Written Warning,7N5219A,314.55.083(3),(MJ) Failure to maintain required security alarm and surveillance systems. (producer),,1430179200
211,402039,4/29/2015,Written Warning,2A5119B,314.55.155,(MJ) Advertising: Violations (statements/illustrations).,,1430265600
212,413319,4/29/2015,Written Warning,2A5119A,314.55.155,(MJ) Advertising: Violations (statements/illustrations).,,1430265600
213,413319,4/29/2015,Written Warning,2A5119A,314.55.155,(MJ) Advertising: Violations (statements/illustrations).,,1430265600
214,412070,4/29/2015,Fine,7D5119A,314.55.092,(MJ) Failure to submit monthly tax reports and/or payments.,,1430265600
215,413806,4/29/2015,Written Warning,4H5119A,314.55.083(4),(MJ) Failure to utilize and/or maintain traceability (processor or retail licensee).,,1430265600
216,412262,4/30/2015,Fine,7H5120A,314.55.083(4),(MJ) Failure to utilize and/or maintain traceability. (producer),,1430352000
217,413000,4/30/2015,Written Warning,7H5120B,314.55.083(4),(MJ) Failure to utilize and/or maintain traceability. (producer),,1430352000
218,413806,4/30/2015,Written Warning,4H5120A,314.55.086,(MJ) Signs: Failure to post required signs.,,1430352000
219,413558,5/1/2015,Fine,2E5121A,314.55.155(1),"(MJ) Advertising violations: Sign exceeding 1600 square inches; within 1000 feet of prohibited areas; on or in public transit vehicles, shelters, or publicly owned or operated property.",,1430438400
220,413558,5/1/2015,Fine,2E5121A,314.55.155,(MJ) Advertising: Violations (statements/illustrations).,,1430438400
221,413570,5/4/2015,Written Warning,2A5124A,314.55.155,(MJ) Advertising: Violations (statements/illustrations).,,1430697600
222,413570,5/4/2015,Written Warning,2A5124A,314.55.155,(MJ) Advertising: Violations (statements/illustrations).,,1430697600
223,413287,5/6/2015,Fine,7N5126A,314.55.155,(MJ) Advertising: Violations (statements/illustrations).,,1430870400
224,413718,5/7/2015,Written Warning,7D5129A,314.55.083(3),(MJ) Failure to maintain required security alarm and surveillance systems.,,1430956800
225,413718,5/7/2015,Written Warning,7D5129A,314.55.083(4),(MJ) Failure to utilize and/or maintain traceability (processor or retail licensee).,,1430956800
226,413718,5/7/2015,Written Warning,7D5129A,314.55.083(1),(MJ) Licensee/employee failing to display required security badge.,,1430956800
227,413718,5/7/2015,Written Warning,7D5129A,314.55.020,(MJ) Operating plan: Violations of a board-approved operating plan.,,1430956800
228,413718,5/7/2015,Written Warning,7D5129A,314.55.092,(MJ) Failure to submit monthly tax reports and/or payments.,,1430956800
229,414520,5/7/2015,Fine,3G5127A,314.55.083(4),(MJ) Failure to utilize and/or maintain traceability (processor or retail licensee).,,1430956800
230,414520,5/7/2015,Fine,3G5127B,69.50.357,(MJ) Licensee and/or employee open and/or consuming marijuana on a  licensed premises.,,1430956800
231,412866,5/8/2015,Fine,7M5128A,314.55.083(3),(MJ) Failure to maintain required security alarm and surveillance systems. (producer),,1431043200
232,412724,5/8/2015,Fine,7G5128A,314.55.083(6),(MJ) Exceeding maximum serving requirements for marijuana-infused products.,,1431043200
233,413558,5/9/2015,Fine,2E5129A,314.55.155,(MJ) Advertising: Violations (statements/illustrations).,,1431129600
234,415488,5/11/2015,Written Warning,1E5131A,314.55.083(4),(MJ) Failure to utilize and/or maintain traceability (processor or retail licensee).,,1431302400
235,412679,5/12/2015,Cancellation of License,7N5132A,314.55.035,(MJ) True party of interest violation.,,1431388800
236,412679,5/12/2015,Cancellation of License,7N5132A,314.55.085,(MJ) Violation of transportation requirements.,,1431388800
237,413039,5/12/2015,Written Warning,7O5132A,314.55.083(3),(MJ) Failure to maintain required security alarm and surveillance systems.,,1431388800
238,413039,5/12/2015,Written Warning,7O5132A,314.55.020,(MJ) Operating plan: Violations of a board-approved operating plan.,,1431388800
239,412792,5/14/2015,Fine,7L5134A,314.55.083(3),(MJ) Failure to maintain required security alarm and surveillance systems. (producer),,1431561600
240,412792,5/14/2015,Fine,7L5134A,314.55.083(4),(MJ) Failure to utilize and/or maintain traceability (processor or retail licensee).,,1431561600
241,414417,5/14/2015,Written Warning,3L5134A,314.55.155,(MJ) Advertising: Violations (statements/illustrations).,,1431561600
242,412784,5/14/2015,Fine,7L5134B,314.55.083(3),(MJ) Failure to maintain required security alarm and surveillance systems. (producer),,1431561600
243,412784,5/14/2015,Fine,7L5134B,314.55.083(4),(MJ) Failure to utilize and/or maintain traceability (processor or retail licensee).,,1431561600
244,414680,5/15/2015,Fine,3G5135E,69.50.357,(MJ) Allowing a minor to frequent a restricted area.,,1431648000
245,414680,5/15/2015,Fine,3G5135B,314.55.079,(MJ) Sale or service to minor,,1431648000
246,413363,5/15/2015,Fine,1P5135B,314.55.079,(MJ) Sale or service to minor,,1431648000
247,415037,5/15/2015,Fine,1P5135C,314.55.079,(MJ) Sale or service to minor,,1431648000
248,413737,5/15/2015,Fine,3G5135F,69.50.357,(MJ) Allowing a minor to frequent a restricted area.,,1431648000
249,413737,5/15/2015,Fine,3G5135D,314.55.079,(MJ) Sale or service to minor,,1431648000
250,415504,5/18/2015,Fine,3G5138A,314.55.083(2),(MJ) Failure to maintain required security alarm and surveillance systems.,,1431907200
251,415738,5/20/2015,Fine,7L5140A,314.55.083(3),(MJ) Failure to maintain required security alarm and surveillance systems. (producer),,1432080000
252,412252,5/20/2015,Suspension,7G5140A,314.55.120,(MJ) Failing to gain board approval for changes in existing ownership.,,1432080000
253,414569,5/22/2015,Fine,3J5142A,314.55.079,(MJ) Sale or service to minor,,1432252800
254,414569,5/22/2015,Fine,3J5142B,66.44.310(1)(a),(MJ) Allowing a minor to frequent a restricted area.,,1432252800
255,414225,5/26/2015,Fine,4C5146A,314.55.015(7),(MJ) Operating plan: Violations of a board-approved operating plan.,,1432598400
256,414240,5/26/2015,Written Warning,3K5146A,314.55.155,(MJ) Advertising: Violations (statements/illustrations).,,1432598400
257,414520,5/28/2015,Suspension,3G5148A,314.55.083(4),(MJ) Failure to utilize and/or maintain traceability (processor or retail licensee).,,1432771200
258,414520,5/28/2015,Suspension,3G5148A,314.55.105,(MJ) Packaging and/or labeling violations (processor/retailer).,,1432771200
259,415504,5/29/2015,Fine,3G5149A,314.55.083(4),(MJ) Failure to utilize and/or maintain traceability (processor or retail licensee).,,1432857600
260,413558,5/29/2015,Fine,2N5149A,69.50.357,(MJ) Allowing a minor to frequent a restricted area.,,1432857600
261,413732,6/1/2015,Fine,1K5152B,69.50.357,(MJ) Allowing a minor to frequent a restricted area.,,1433116800
262,412670,6/2/2015,Fine,7N5153A,314.55.084,"(MJ) Using unauthorized pesticides, soil amendments, fertilizers, other crop production aids.",,1433203200
263,415064,6/3/2015,Fine,3A5154A,69.50.357,(MJ) Allowing a minor to frequent a restricted area.,,1433289600
264,415064,6/3/2015,Fine,3A5154A,314.55.079,(MJ) Sale or service to minor,,1433289600
265,413596,6/4/2015,Written Warning,4F5155B,69.50.357,(MJ) Licensee and/or employee open and/or consuming marijuana on a  licensed premises.,,1433376000
266,416431,6/5/2015,Fine,7D5156A,314.55.083(3),(MJ) Failure to maintain required security alarm and surveillance systems. (producer),,1433462400
267,416431,6/5/2015,Fine,7D5156A,314.55.083(4),(MJ) Failure to utilize and/or maintain traceability. (producer),,1433462400
268,416431,6/5/2015,Fine,7D5156A,314.55.020,(MJ) Operating plan: Violations of a board-approved operating plan.,,1433462400
269,416661,6/5/2015,Fine,7M5156A,314.55.083(4),(MJ) Failure to utilize and/or maintain traceability. (producer),,1433462400
270,416661,6/5/2015,Fine,7M5156A,314.55.083(3),(MJ) Failure to maintain required security alarm and surveillance systems. (producer),,1433462400
271,416661,6/5/2015,Fine,7M5156A,314.55.087,(MJ) Records: Improper recordkeeping. (producer),,1433462400
272,413819,6/5/2015,Fine,3E5156A,314.55.079,(MJ) Sale or service to minor,,1433462400
273,413819,6/5/2015,Fine,3E5156B,69.50.357,(MJ) Allowing a minor to frequent a restricted area.,,1433462400
274,415575,6/5/2015,Fine,3E5156D,69.50.357,(MJ) Allowing a minor to frequent a restricted area.,,1433462400
275,415575,6/5/2015,Fine,3E5156C,314.55.079,(MJ) Sale or service to minor,,1433462400
276,412217,6/8/2015,Fine,7N5159A,314.55.083(4),(MJ) Failure to utilize and/or maintain traceability. (producer),,1433721600
277,413718,6/8/2015,Written Warning,7D5159A,314.55.089,(MJ) Failure to submit monthly tax reports and/or payments (producer),,1433721600
278,413358,6/8/2015,Fine,1S5159A,69.50.357,(MJ) Allowing a minor to frequent a restricted area.,,1433721600
279,413358,6/8/2015,Fine,1S5159A,314.55.079,(MJ) Sale or service to minor,,1433721600
280,415132,6/9/2015,Fine,4P5160A,69.50.357,(MJ) Allowing a minor to frequent a restricted area.,,1433808000
281,415132,6/9/2015,Fine,4P5160A,314.55.079,(MJ) Sale or service to minor,,1433808000
282,400209,6/10/2015,Fine,3D5161A,69.50.357,(MJ) Allowing a minor to frequent a restricted area.,,1433894400
283,400209,6/10/2015,Fine,3D5161A,314.55.079,(MJ) Sale or service to minor,,1433894400
284,413847,6/10/2015,Fine,1D5161A,69.50.357,(MJ) Allowing a minor to frequent a restricted area.,,1433894400
285,413847,6/10/2015,Fine,1D5161A,69.50.406,(MJ) Sale or service to minor,,1433894400
286,415130,6/11/2015,Fine,1R5162A,69.50.357,(MJ) Allowing a minor to frequent a restricted area.,,1433980800
287,415130,6/11/2015,Fine,1R5162A,69.50.401,(MJ) Sale or service to minor,,1433980800
288,415183,6/11/2015,Fine,1R5162B,69.50.357,(MJ) Allowing a minor to frequent a restricted area.,,1433980800
289,415183,6/11/2015,Fine,1R5162B,69.50.401,(MJ) Sale or service to minor,,1433980800
290,412422,6/12/2015,Fine,7H5163C,314.55.083(3),(MJ) Failure to maintain required security alarm and surveillance systems.,,1434067200
291,413700,6/12/2015,Fine,4I5163A,69.50.357,(MJ) Allowing a minor to frequent a restricted area.,,1434067200
292,413700,6/12/2015,Fine,4I5163A,314.55.079,(MJ) Sale or service to minor,,1434067200
293,412648,6/12/2015,Written Warning,7H5163A,314.55.083(4),(MJ) Failure to utilize and/or maintain traceability. (producer),,1434067200
294,414520,6/16/2015,Fine,3G5167A,314.55.105,(MJ) Packaging and/or labeling violations (processor/retailer).,,1434412800
295,413481,6/17/2015,Written Warning,4I5177A,314.55.079,(MJ) Retail outlet selling unauthorized products.,,1434499200
296,412759,6/17/2015,Written Warning,7G5168A,314.55.105,(MJ) Packaging and/or labeling violations (processor/retailer).,,1434499200
297,413319,6/19/2015,Written Warning,2A5170A,314.55.155,(MJ) Advertising: Violations (statements/illustrations).,,1434672000
298,415325,6/19/2015,Written Warning,2A5170B,314.55.155,(MJ) Advertising: Violations (statements/illustrations).,,1434672000
299,413803,6/23/2015,Written Warning,2D5174A,314.55.155,(MJ) Advertising: Violations (statements/illustrations).,,1435017600
300,412300,6/24/2015,Written Warning,7D5175A,314.55.083(4),(MJ) Failure to utilize and/or maintain traceability. (producer),,1435104000
301,412300,6/24/2015,Written Warning,7D5175A,314.55.083(3),(MJ) Failure to maintain required security alarm and surveillance systems. (producer),,1435104000
302,413600,6/25/2015,Fine,4I5189A,314.55.155(1),"(MJ) Advertising violations: Sign exceeding 1600 square inches; within 1000 feet of prohibited areas; on or in public transit vehicles, shelters, or publicly owned or operated property.",,1435190400
303,413481,6/25/2015,Fine,4I5188A,314.55.155(1),"(MJ) Advertising violations: Sign exceeding 1600 square inches; within 1000 feet of prohibited areas; on or in public transit vehicles, shelters, or publicly owned or operated property.",,1435190400
304,415719,6/25/2015,Written Warning,7M5176A,314.55.083(4),(MJ) Failure to utilize and/or maintain traceability. (producer),,1435190400
305,414680,6/26/2015,Suspension,3G5177B,314.55.079,(MJ) Sale or service to minor,,1435276800
306,414680,6/26/2015,Fine,3G5177C,69.50.357,(MJ) Allowing a minor to frequent a restricted area.,,1435276800
307,415504,6/26/2015,Fine,3G5177E,69.50.357,(MJ) Allowing a minor to frequent a restricted area.,,1435276800
308,415504,6/26/2015,Fine,3G5177D,314.55.079,(MJ) Sale or service to minor,,1435276800
309,412232,6/26/2015,Fine,3G5177F,314.55.085,(MJ) Violation of transportation requirements.,,1435276800
310,413803,6/26/2015,Fine,2D5177B,314.55.083(4),(MJ) Failure to utilize and/or maintain traceability (processor or retail licensee).,,1435276800
311,413803,6/26/2015,Fine,2D5177B,69.50.357,(MJ) Licensee and/or employee open and/or consuming marijuana on a  licensed premises.,,1435276800
312,415115,6/27/2015,Fine,3J5178B,66.44.310,(MJ) Allowing a minor to frequent a restricted area.,,1435363200
313,415115,6/27/2015,Fine,3J5178A,314.55.079,(MJ) Sale or service to minor,,1435363200
314,410332,6/30/2015,Fine,2D5181A,314.55.079,(MJ) Sale or service to minor,,1435622400
315,414785,7/1/2015,Written Warning,2A5182A,314.55.155(1),"(MJ) Advertising violations: Sign exceeding 1600 square inches; within 1000 feet of prohibited areas; on or in public transit vehicles, shelters, or publicly owned or operated property.",,1435708800
316,412466,7/8/2015,Fine,1K5189A,69.50.357,(MJ) Allowing a minor to frequent a restricted area.,,1436313600
317,412466,7/8/2015,Fine,1K5189A,314.55.079,(MJ) Sale or service to minor,,1436313600
318,413319,7/9/2015,Written Warning,2A5191A,314.55.155,(MJ) Advertising: Violations (statements/illustrations).,,1436400000
319,412439,7/9/2015,Fine,7M5194A,314.55.083(4),(MJ) Failure to utilize and/or maintain traceability. (producer),,1436400000
320,412439,7/9/2015,Written Warning,7M5190B,314.55.083(4),(MJ) Failure to utilize and/or maintain traceability. (producer),,1436400000
321,413773,7/9/2015,Fine,4F5190A,69.50.357,(MJ) Allowing a minor to frequent a restricted area.,,1436400000
322,413773,7/9/2015,Fine,4F5190A,69.50.401,(MJ) Sale or service to minor,,1436400000
323,413032,7/15/2015,Written Warning,7L5196B,314.55.020,(MJ) Operating plan: Violations of a board-approved operating plan.,,1436918400
324,413084,7/15/2015,Written Warning,7L5196A,314.55.083(4),(MJ) Failure to utilize and/or maintain traceability. (producer),,1436918400
325,413084,7/15/2015,Written Warning,7L5196A,314.55.020,(MJ) Operating plan: Violations of a board-approved operating plan.,,1436918400
326,415238,7/15/2015,Written Warning,3V5197A,314.55.155,(MJ) Advertising: Violations (statements/illustrations).,,1436918400
327,412681,7/20/2015,Fine,7D5201A,314.55.083(1),(MJ) Licensee/employee failing to display required security badge.,,1437350400
328,414656,7/20/2015,Fine,1U5201A,69.50.357,(MJ) Allowing a minor to frequent a restricted area.,,1437350400
329,414656,7/20/2015,Fine,1U5201A,314.55.079,(MJ) Sale or service to minor,,1437350400
330,413288,7/20/2015,Fine,7M5222A,314.55.083(4),(MJ) Failure to utilize and/or maintain traceability (processor or retail licensee).,,1437350400
331,416606,7/20/2015,Fine,7M5222B,314.55.083(4),(MJ) Failure to utilize and/or maintain traceability (processor or retail licensee).,,1437350400
332,412373,7/21/2015,Fine,7B5209A,314.55.077,(MJ) Packaging and/or labeling violations (processor/retailer).,,1437436800
333,412792,7/21/2015,Fine,7L5202A,314.55.083(4),(MJ) Failure to utilize and/or maintain traceability. (producer),,1437436800
334,412792,7/21/2015,Fine,7L5202A,314.55.077,(MJ) Unauthorized product/unapproved storage or delivery. (producer),,1437436800
335,412112,7/22/2015,Fine,7J5203A,314.55.083(1),(MJ) Licensee/employee failing to display required security badge.,,1437523200
336,412112,7/22/2015,Fine,7J5203A,314.55.083(4),(MJ) Failure to utilize and/or maintain traceability. (producer),,1437523200
337,412112,7/22/2015,Fine,7J5203A,314.55.083(3),(MJ) Failure to maintain required security alarm and surveillance systems.,,1437523200
338,412112,7/22/2015,Fine,7J5203A,314.55.099,(MJ) Failure to maintain standardized scale requirements (producer).,,1437523200
339,412031,7/24/2015,Fine,7C5205A,314.55.097,(MJ) Failure for a producer to meet marijuana waste disposal requirements. (producer),,1437696000
340,412031,7/24/2015,Fine,7C5205A,314.55.083(4),(MJ) Failure to utilize and/or maintain traceability. (producer),,1437696000
341,415970,7/28/2015,Written Warning,7C5209A,314.55.083(3),(MJ) Failure to maintain required security alarm and surveillance systems. (producer),,1438041600
342,402107,7/28/2015,Written Warning,2B5209D,314.55.155,(MJ) Advertising: Violations (statements/illustrations).,,1438041600
343,412069,7/31/2015,Written Warning,7J5212A,314.55.089,(MJ) Failure to submit monthly tax reports and/or payments (producer),,1438300800
344,413719,7/31/2015,Written Warning,7I5212A,314.55.089,(MJ) Failure to submit monthly tax reports and/or payments (producer),,1438300800
345,412567,7/31/2015,Written Warning,7I5212B,314.55.089,(MJ) Failure to submit monthly tax reports and/or payments (producer),,1438300800
346,415986,7/31/2015,Written Warning,7I5212C,314.55.089,(MJ) Failure to submit monthly tax reports and/or payments (producer),,1438300800
347,402107,7/31/2015,Fine,2A5212C,314.55.105,(MJ) Packaging and/or labeling violations (processor/retailer).,,1438300800
348,412069,7/31/2015,Fine,7J5212B,314.55.083(3),(MJ) Failure to maintain required security alarm and surveillance systems. (producer),,1438300800
349,412069,7/31/2015,Fine,7J5212B,314.55.083(4),(MJ) Failure to utilize and/or maintain traceability. (producer),,1438300800
350,412618,7/31/2015,Written Warning,7O5212A,314.55.092,(MJ) Failure to submit monthly tax reports and/or payments.,,1438300800
351,412969,7/31/2015,Written Warning,7O5212B,314.55.092,(MJ) Failure to submit monthly tax reports and/or payments.,,1438300800
352,412213,7/31/2015,Written Warning,7O5212C,314.55.092,(MJ) Failure to submit monthly tax reports and/or payments.,,1438300800
353,402107,7/31/2015,Fine,2A5212C,314.55.083(4),(MJ) Failure to utilize and/or maintain traceability (processor or retail licensee).,,1438300800
354,413097,8/3/2015,Written Warning,7C5215A,314.55.089,(MJ) Failure to submit monthly tax reports and/or payments (producer),,1438560000
355,416406,8/3/2015,Written Warning,7C5215B,314.55.089,(MJ) Failure to submit monthly tax reports and/or payments (producer),,1438560000
356,413718,8/3/2015,Written Warning,7E5215A,314.55.089,(MJ) Failure to submit monthly tax reports and/or payments (producer),,1438560000
357,412077,8/3/2015,Written Warning,7C5215C,314.55.089,(MJ) Failure to submit monthly tax reports and/or payments (producer),,1438560000
358,412107,8/3/2015,Written Warning,7E5215B,314.55.089,(MJ) Failure to submit monthly tax reports and/or payments (producer),,1438560000
359,412235,8/3/2015,Written Warning,7M5215A,314.55.089,(MJ) Failure to submit monthly tax reports and/or payments.,,1438560000
360,413596,8/4/2015,Fine,4F5216A,314.55.083(4),(MJ) Failure to utilize and/or maintain traceability (processor or retail licensee).,,1438646400
361,413596,8/4/2015,Fine,4F5216A,69.50.357,(MJ) Licensee and/or employee open and/or consuming marijuana on a  licensed premises.,,1438646400
362,413596,8/4/2015,Fine,4F5216A,314.55.105,(MJ) Packaging and/or labeling violations (processor/retailer).,,1438646400
363,415410,8/4/2015,Fine,1Q5216B,69.50.357,(MJ) Allowing a minor to frequent a restricted area.,,1438646400
364,415410,8/4/2015,Fine,1Q5216B,314.55.079,(MJ) Sale or service to minor,,1438646400
365,413980,8/4/2015,Written Warning,1Q5216C,69.50.357,(MJ) Allowing a minor to frequent a restricted area.,,1438646400
366,402039,8/4/2015,Written Warning,2A5216A,314.55.155,(MJ) Advertising: Violations (statements/illustrations).,,1438646400
367,413426,8/5/2015,Written Warning,4F5217A,69.50.357,(MJ) Licensee and/or employee open and/or consuming marijuana on a  licensed premises.,,1438732800
368,413426,8/5/2015,Written Warning,4F5217A,314.55.105,(MJ) Packaging and/or labeling violations (processor/retailer).,,1438732800
369,414755,8/6/2015,Written Warning,4G5218A,69.50.357,(MJ) Allowing a minor to frequent a restricted area.,,1438819200
370,414495,8/7/2015,Written Warning,3F5219A,314.55.083(3),(MJ) Failure to maintain required security alarm and surveillance systems.,,1438905600
371,412921,8/7/2015,Fine,1W5219A,69.50.357,(MJ) Allowing a minor to frequent a restricted area.,,1438905600
372,412921,8/7/2015,Fine,1W5219A,314.55.079,(MJ) Sale or service to minor,,1438905600
373,414495,8/7/2015,Written Warning,3F5219A,314.55.155,(MJ) Advertising: Violations (statements/illustrations).,,1438905600
374,84045,8/7/2015,Fine,1J5219B,69.50.357,(MJ) Allowing a minor to frequent a restricted area.,,1438905600
375,84045,8/7/2015,Fine,1J5219B,314.55.079,(MJ) Sale or service to minor,,1438905600
376,412627,8/8/2015,Fine,7J5220A,314.55.083(3),(MJ) Failure to maintain required security alarm and surveillance systems.,,1438992000
377,412627,8/8/2015,Fine,7J5220A,314.55.083(4),(MJ) Failure to utilize and/or maintain traceability. (producer),,1438992000
378,414723,8/10/2015,Fine,1S5222A,69.50.357,(MJ) Allowing a minor to frequent a restricted area.,,1439164800
379,414723,8/10/2015,Fine,1S5222A,314.55.079,(MJ) Sale or service to minor,,1439164800
380,415361,8/13/2015,Fine,1M5225A,69.50.357,(MJ) Allowing a minor to frequent a restricted area.,,1439424000
381,415361,8/13/2015,Fine,1M5225A,314.55.079,(MJ) Sale or service to minor,,1439424000
382,412618,8/14/2015,Fine,7H5226A,314.55.092,(MJ) Failure to submit monthly tax reports and/or payments (producer),,1439510400
383,412362,8/17/2015,Written Warning,7O5229A,314.55.083(4),(MJ) Failure to utilize and/or maintain traceability. (producer),,1439769600
384,412362,8/17/2015,Written Warning,7O5229A,314.55.085,(MJ) Violation of transportation requirements. (producer),,1439769600
385,413462,8/18/2015,Fine,3G5236B,314.55.105,(MJ) Packaging and/or labeling violations (processor/retailer).,,1439856000
386,413462,8/18/2015,Fine,3G5236B,314.55.075,(MJ) Unauthorized sale to a retail licensee. (producer),,1439856000
387,414520,8/19/2015,Fine,3G5231B,314.55.079,(MJ) Sale or service to minor,,1439942400
388,416968,8/19/2015,Fine,3G5231D,314.55.085,(MJ) Violation of transportation requirements.,,1439942400
389,416968,8/19/2015,Fine,3G5231E,314.55.083(4),(MJ) Failure to utilize and/or maintain traceability (processor or retail licensee).,,1439942400
390,410332,8/19/2015,Fine,2B5231A,314.55.155(1),"(MJ) Advertising violations: Sign exceeding 1600 square inches; within 1000 feet of prohibited areas; on or in public transit vehicles, shelters, or publicly owned or operated property.",,1439942400
391,410332,8/19/2015,Fine,2B5231A,314.55.155,(MJ) Advertising: Violations (statements/illustrations).,,1439942400
392,414520,8/19/2015,Fine,3G5231A,69.50.357,(MJ) Allowing a minor to frequent a restricted area.,,1439942400
393,412107,8/20/2015,Fine,7D5233A,314.55.089,(MJ) Failure to submit monthly tax reports and/or payments.,,1440028800
394,412792,8/20/2015,Suspension,7L5232A,314.55.120,(MJ) Failing to gain board approval for changes in existing ownership.,,1440028800
395,417142,8/20/2015,Written Warning,7D5232A,314.55.087,(MJ) Records: Improper recordkeeping. (producer),,1440028800
396,416627,8/20/2015,Fine,7N5236B,314.55.089,(MJ) Failure to submit monthly tax reports and/or payments.,,1440028800
397,419959,8/20/2015,Fine,7N5236A,314.55.089,(MJ) Failure to submit monthly tax reports and/or payments.,,1440028800
398,412792,8/20/2015,Fine,7L5235A,314.55.089,(MJ) Failure to submit monthly tax reports and/or payments (producer),,1440028800
399,413015,8/21/2015,Fine,7N5233A,314.55.083(4),(MJ) Failure to utilize and/or maintain traceability. (producer),,1440115200
400,419640,8/21/2015,Fine,1F5233A,69.50.357,(MJ) Allowing a minor to frequent a restricted area.,,1440115200
401,419640,8/21/2015,Fine,1F5233A,69.50.401,(MJ) Sale or service to minor,,1440115200
402,414152,8/24/2015,Written Warning,7C5236A,314.55.089,(MJ) Failure to submit monthly tax reports and/or payments.,,1440374400
403,419150,8/24/2015,Fine,7M5236A,314.55.089,(MJ) Failure to submit monthly tax reports and/or payments.,,1440374400
404,415857,8/24/2015,Fine,7L5236A,314.55.155,(MJ) Advertising: Violations (statements/illustrations).,,1440374400
405,415857,8/24/2015,Fine,7L5236A,314.55.083(1),(MJ) Licensee/employee failing to display required security badge.,,1440374400
406,412144,8/24/2015,Fine,7M5236B,314.55.089,(MJ) Failure to submit monthly tax reports and/or payments.,,1440374400
407,415507,8/24/2015,Fine,3G5236A,314.55.083(4),(MJ) Failure to utilize and/or maintain traceability (processor or retail licensee).,,1440374400
408,413380,8/25/2015,Written Warning,7I5237A,314.55.035,(MJ) True party of interest violation.,,1440460800
409,412591,8/26/2015,Written Warning,7H5238A,314.55.092,(MJ) Failure to submit monthly tax reports and/or payments (producer),,1440547200
410,416968,8/26/2015,Fine,7G5238A,314.55.083(4),(MJ) Failure to utilize and/or maintain traceability. (producer),,1440547200
411,417165,8/27/2015,Fine,7G5239A,314.55.083(4),(MJ) Failure to utilize and/or maintain traceability. (producer),,1440633600
412,412286,8/28/2015,Fine,7H5240A,314.55.083(4),(MJ) Failure to utilize and/or maintain traceability. (producer),,1440720000
413,414664,8/28/2015,Fine,4Q5240A,69.50.357,(MJ) Allowing a minor to frequent a restricted area.,,1440720000
414,414664,8/28/2015,Fine,4Q5240A,314.55.079,(MJ) Sale or service to minor,,1440720000
415,412107,8/29/2015,Fine,7D5241A,314.55.083(4),(MJ) Failure to utilize and/or maintain traceability. (producer),,1440806400
416,412107,8/29/2015,Fine,7D5241A,314.55.083(3),(MJ) Failure to maintain required security alarm and surveillance systems. (producer),,1440806400
417,412107,8/29/2015,Fine,7D5241A,66.20.010,Miscellaneous Violation,,1440806400
418,413558,8/29/2015,Fine,2A5241A,314.55.105,(MJ) Packaging and/or labeling violations (processor/retailer).,,1440806400
419,414495,8/31/2015,Fine,3F5243A,314.55.083(4),(MJ) Failure to utilize and/or maintain traceability (processor or retail licensee).,,1440979200
420,414495,8/31/2015,Fine,3F5243B,314.55.083(1),(MJ) Licensee/employee failing to display required security badge.,,1440979200
421,412594,8/31/2015,Fine,7I5243A,314.55.083(4),(MJ) Failure to utilize and/or maintain traceability. (producer),,1440979200
422,414520,9/29/2015,Fine,7G5274A,314.55.155,(MJ) Advertising: Violations (statements/illustrations).,,1443484800
423,414398,9/28/2015,Written Warning,3G5271A,314.55.083(4),(MJ) Failure to utilize and/or maintain traceability (processor or retail licensee).,,1443398400
424,412808,9/28/2015,Fine,7J5271A,314.55.083(4),(MJ) Failure to utilize and/or maintain traceability (processor or retail licensee).,,1443398400
425,412808,9/28/2015,Fine,7J5271A,314.55.017,Miscellaneous Violation,,1443398400
426,402039,9/25/2015,Suspension,2A5269A,69.50.401,(MJ) Sale or service to minor,,1443139200
427,416393,9/25/2015,Written Warning,7J5268A,314.55.083(4),(MJ) Failure to utilize and/or maintain traceability (processor or retail licensee).,,1443139200
428,416458,9/25/2015,Fine,7D5268A,314.55.083(3),(MJ) Failure to maintain required security alarm and surveillance systems. (producer),,1443139200
429,416458,9/25/2015,Fine,7D5268A,314.55.083(4),(MJ) Failure to utilize and/or maintain traceability. (producer),,1443139200
430,412370,9/23/2015,Written Warning,3C5266B,314.55.155,(MJ) Advertising: Violations (statements/illustrations).,,1442966400
431,412612,9/23/2015,Fine,7C5266A,314.55.083(4),(MJ) Failure to utilize and/or maintain traceability. (producer),,1442966400
432,414780,9/22/2015,Fine,2J5265B,314.55.083(4),(MJ) Failure to maintain required security alarm and surveillance systems.,,1442880000
433,414780,9/22/2015,Fine,2J5265B,314.55.105,(MJ) Packaging and/or labeling violations (processor/retailer).,,1442880000
434,413719,9/21/2015,Fine,7P5264A,314.55.085,(MJ) Violation of transportation requirements. (producer),,1442793600
435,413806,9/21/2015,Written Warning,4I5264A,314.55.155(1),"(MJ) Advertising violations: Sign exceeding 1600 square inches; within 1000 feet of prohibited areas; on or in public transit vehicles, shelters, or publicly owned or operated property.",,1442793600
436,413534,9/21/2015,Written Warning,3C5264D,314.55.155,(MJ) Advertising: Violations (statements/illustrations).,,1442793600
437,413534,9/21/2015,Written Warning,3C5264D,314.55.079,(MJ) Violation of transportation requirements.,,1442793600
438,413163,9/21/2015,Fine,3C5264C,314.55.105,(MJ) Packaging and/or labeling violations (producer).,,1442793600
439,414574,9/21/2015,Written Warning,3C5264B,314.55.155,(MJ) Advertising: Violations (statements/illustrations).,,1442793600
440,413719,9/21/2015,Fine,7P5264A,314.55.083(4),(MJ) Failure to utilize and/or maintain traceability. (producer),,1442793600
441,418524,9/17/2015,Fine,3G5260A,314.55.083(4),(MJ) Failure to utilize and/or maintain traceability (processor or retail licensee).,,1442448000
442,415333,9/17/2015,Fine,7J5260A,314.55.017,Miscellaneous Violation,,1442448000
443,415238,9/16/2015,Fine,3G5259A,314.55.083(4),(MJ) Failure to utilize and/or maintain traceability (processor or retail licensee).,,1442361600
444,417214,9/16/2015,Fine,7G5259A,314.55.083(4),(MJ) Failure to utilize and/or maintain traceability (processor or retail licensee).,,1442361600
445,417214,9/16/2015,Written Warning,7G5259A,314.55.018,Miscellaneous Violation,,1442361600
446,419150,9/15/2015,Fine,7M5258A,314.55.083(4),(MJ) Failure to utilize and/or maintain traceability (processor or retail licensee).,,1442275200
447,412858,9/15/2015,Fine,7N5258A,314.55.083(4),(MJ) Failure to utilize and/or maintain traceability. (producer),,1442275200
448,415526,9/14/2015,Written Warning,1K5257A,69.50.357,(MJ) Retail outlet selling unauthorized products.,,1442188800
449,417379,9/10/2015,Written Warning,7O5253B,314.55.083(4),(MJ) Failure to utilize and/or maintain traceability. (producer),,1441843200
450,417394,9/10/2015,Written Warning,7O5253A,314.55.083(4),(MJ) Failure to utilize and/or maintain traceability. (producer),,1441843200
451,414060,9/9/2015,Fine,3C5252A,314.55.155,(MJ) Advertising: Violations (statements/illustrations).,,1441756800
452,412724,9/9/2015,Fine,7J5252A,314.55.083(4),(MJ) Failure to utilize and/or maintain traceability (processor or retail licensee).,,1441756800
453,417511,9/8/2015,Fine,3D5251A,314.55.083(4),(MJ) Failure to utilize and/or maintain traceability (processor or retail licensee).,,1441670400
454,414893,9/8/2015,Fine,3G5251A,314.55.079,(MJ) Retail outlet selling unauthorized products.,,1441670400
455,412252,9/4/2015,Written Warning,7J5247A,314.55.083(4),(MJ) Failure to utilize and/or maintain traceability (processor or retail licensee).,,1441324800
456,412070,9/4/2015,Written Warning,7D5247A,314.55.083(4),(MJ) Failure to utilize and/or maintain traceability. (producer),,1441324800
457,413791,9/3/2015,Written Warning,2J5246C,314.55.105,(MJ) Packaging and/or labeling violations (processor/retailer).,,1441238400
458,416968,9/3/2015,Destruction of harvestable plants,7G5246A,314.55.083(4),(MJ) Failure to utilize and/or maintain traceability. (producer),,1441238400
459,412784,9/3/2015,Written Warning,7L5246A,314.55.083(3),(MJ) Failure to maintain required security alarm and surveillance systems. (producer),,1441238400
460,417511,9/3/2015,Written Warning,3D5259A,314.55.083(1),(MJ) Licensee/employee failing to display required security badge.,,1441238400
461,417511,9/3/2015,Fine,3D5259A,314.55.083(3),(MJ) Failure to maintain required security alarm and surveillance systems.,,1441238400
462,413732,9/3/2015,Written Warning,1L5246B,314.55.155(1),"(MJ) Advertising violations: Sign exceeding 1600 square inches; within 1000 feet of prohibited areas; on or in public transit vehicles, shelters, or publicly owned or operated property.",,1441238400
463,414140,9/2/2015,Written Warning,7H5245B,314.55.092,(MJ) Failure to submit monthly tax reports and/or payments (producer),,1441152000
464,415333,9/2/2015,Fine,2P5245A,69.50.357,(MJ) Allowing a minor to frequent a restricted area.,,1441152000
465,415333,9/2/2015,Fine,2P5245A,314.55.079,(MJ) Sale or service to minor,,1441152000
466,412213,9/2/2015,Fine,7H5245A,314.55.092,(MJ) Failure to submit monthly tax reports and/or payments.,,1441152000
467,416458,9/1/2015,Fine,7D5244A,314.55.083(4),(MJ) Failure to utilize and/or maintain traceability. (producer),,1441065600
468,415325,9/1/2015,Fine,2A5244A,314.55.155,(MJ) Advertising: Violations (statements/illustrations).,,1441065600
469,412246,10/30/2015,Fine,7J5303A,314.55.083(4),(MJ) Failure to utilize and/or maintain traceability (processor or retail licensee).,,1446163200
470,417511,10/29/2015,Fine,3D5302D,69.50.357,(MJ) Allowing a minor to frequent a restricted area.,,1446076800
471,417511,10/29/2015,Fine,3D5302D,314.55.079,(MJ) Sale or service to minor,,1446076800
472,414539,10/28/2015,Fine,3A5301B,69.50.357,(MJ) Allowing a minor to frequent a restricted area.,,1445990400
473,414539,10/28/2015,Fine,3A5301B,314.55.079,(MJ) Sale or service to minor,,1445990400
474,415935,10/28/2015,Fine,7J5301A,314.55.085,(MJ) Violation of transportation requirements.,,1445990400
475,416746,10/27/2015,Fine,7O5300A,314.55.083(4),(MJ) Failure to utilize and/or maintain traceability. (producer),,1445904000
476,416746,10/27/2015,Fine,7O5300A,314.55.087,(MJ) Records: Improper recordkeeping. (producer),,1445904000
477,412494,10/27/2015,Fine,2P5300A,10.31.100,(MJ) Conduct violations: Criminal conduct: Permitting or engaging in criminal conduct.,,1445904000
478,412494,10/27/2015,Fine,2P5300A,69.50.357,(MJ) Licensee and/or employee open and/or consuming marijuana on a  licensed premises.,,1445904000
479,413722,10/26/2015,Fine,7I5299A,314.55.083(4),(MJ) Failure to utilize and/or maintain traceability. (producer),,1445817600
480,416661,10/26/2015,Fine,7M5303B,314.55.120,(MJ) Failing to gain board approval for changes in existing ownership.,,1445817600
481,416661,10/26/2015,Fine,7M5303B,314.55.083(3),(MJ) Failure to maintain required security alarm and surveillance systems. (producer),,1445817600
482,416661,10/26/2015,Fine,7M5303B,314.55.083(4),(MJ) Failure to utilize and/or maintain traceability. (producer),,1445817600
483,413722,10/26/2015,Fine,7I5299A,314.55.097,(MJ) Failure for a producer to meet marijuana waste disposal requirements. (producer),,1445817600
484,415736,10/26/2015,Written Warning,7L5299A,314.55.083(3),(MJ) Failure to maintain required security alarm and surveillance systems. (producer),,1445817600
485,414532,10/24/2015,Fine,2B5297A,69.50.357,(MJ) Allowing a minor to frequent a restricted area.,,1445644800
486,414980,10/24/2015,Fine,2A5297A,69.50.357,(MJ) Allowing a minor to frequent a restricted area.,,1445644800
487,414980,10/24/2015,Fine,2A5297A,314.55.079,(MJ) Sale or service to minor,,1445644800
488,415216,10/23/2015,Fine,3E5296A,314.55.105,(MJ) Packaging and/or labeling violations (processor/retailer).,,1445558400
489,412598,10/23/2015,Destruction of harvestable plants,3G5296A,314.55.083(3),(MJ) Failure to maintain required security alarm and surveillance systems. (producer),,1445558400
490,413426,10/23/2015,Fine,4C5296A,69.50.357,(MJ) Allowing a minor to frequent a restricted area.,,1445558400
491,413426,10/23/2015,Fine,4C5296A,314.55.079,(MJ) Sale or service to minor,,1445558400
492,413289,10/23/2015,Fine,7H5296A,314.55.083(4),(MJ) Failure to utilize and/or maintain traceability. (producer),,1445558400
493,413289,10/23/2015,Fine,7H5296A,314.55.083(3),(MJ) Failure to maintain required security alarm and surveillance systems. (producer),,1445558400
494,417335,10/23/2015,Written Warning,7P5296G,314.55.020,(MJ) Operating plan: Violations of a board-approved operating plan.,,1445558400
495,417002,10/23/2015,Fine,7P5296C,314.55.020,(MJ) Operating plan: Violations of a board-approved operating plan.,,1445558400
496,413289,10/23/2015,Written Warning,7H5296C,314.55.020,(MJ) Operating plan: Violations of a board-approved operating plan.,,1445558400
497,417002,10/23/2015,Fine,7P5296C,314.55.083(3),(MJ) Failure to maintain required security alarm and surveillance systems. (producer),,1445558400
498,417002,10/23/2015,Fine,7P5296C,314.55.083(4),(MJ) Failure to utilize and/or maintain traceability. (producer),,1445558400
499,417335,10/23/2015,Fine,7P5296F,314.55.083(3),(MJ) Failure to maintain required security alarm and surveillance systems. (producer),,1445558400
500,417335,10/23/2015,Fine,7P5296F,314.55.083(4),(MJ) Failure to utilize and/or maintain traceability. (producer),,1445558400
501,415927,10/23/2015,Fine,7H5296B,314.55.083(4),(MJ) Failure to utilize and/or maintain traceability. (producer),,1445558400
502,412370,10/23/2015,Fine,3C5296C,69.50.357,(MJ) Allowing a minor to frequent a restricted area.,,1445558400
503,412370,10/23/2015,Fine,3C5296C,314.55.079,(MJ) Sale or service to minor,,1445558400
504,415812,10/23/2015,Fine,7M5296A,314.55.083(3),(MJ) Failure to maintain required security alarm and surveillance systems. (producer),,1445558400
505,412226,10/23/2015,Fine,7N5296B,314.55.083(3),(MJ) Failure to maintain required security alarm and surveillance systems. (producer),,1445558400
506,412226,10/23/2015,Fine,7N5296B,314.55.083(4),(MJ) Failure to utilize and/or maintain traceability. (producer),,1445558400
507,413762,10/23/2015,Fine,3C5296A,69.50.357,(MJ) Allowing a minor to frequent a restricted area.,,1445558400
508,413762,10/23/2015,Fine,3C5296A,314.55.079,(MJ) Sale or service to minor,,1445558400
509,412743,10/23/2015,Fine,7N5296A,314.55.083(3),(MJ) Failure to maintain required security alarm and surveillance systems. (producer),,1445558400
510,415726,10/22/2015,Written Warning,7M5295B,314.55.083(4),(MJ) Failure to utilize and/or maintain traceability. (producer),,1445472000
511,413716,10/22/2015,Fine,7B5295A,314.55.099,(MJ) Failure to maintain standardized scale requirements (producer).,,1445472000
512,413716,10/22/2015,Fine,7B5295A,314.55.083(4),(MJ) Failure to utilize and/or maintain traceability. (producer),,1445472000
513,413716,10/22/2015,Fine,7B5295A,314.55.083(1),(MJ) Licensee/employee failing to display required security badge.,,1445472000
514,412598,10/21/2015,Fine,7G5294A,314.55.083(4),(MJ) Failure to utilize and/or maintain traceability. (producer),,1445385600
515,412544,10/21/2015,Written Warning,2B5294A,314.55.085,(MJ) Violation of transportation requirements. (producer),,1445385600
516,412598,10/21/2015,Fine,7G5294A,314.55.020,(MJ) Operating plan: Violations of a board-approved operating plan.,,1445385600
517,412070,10/21/2015,Written Warning,7J5294A,314.55.084,"(MJ) Using unauthorized pesticides, soil amendments, fertilizers, other crop production aids.",,1445385600
518,412598,10/21/2015,Fine,7G5294A,314.55.083(3),(MJ) Failure to maintain required security alarm and surveillance systems. (producer),,1445385600
519,414963,10/20/2015,Fine,1R5293A,314.55.079,(MJ) Violation of transportation requirements.,,1445299200
520,414963,10/20/2015,Fine,1R5293A,314.55.083(4),(MJ) Failure to utilize and/or maintain traceability (processor or retail licensee).,,1445299200
521,414731,10/20/2015,Fine,2A5293A,314.55.155,(MJ) Advertising: Violations (statements/illustrations).,,1445299200
522,414418,10/20/2015,Fine,1W5293A,69.50.357,(MJ) Allowing a minor to frequent a restricted area.,,1445299200
523,414418,10/20/2015,Fine,1W5293A,314.55.079,(MJ) Sale or service to minor,,1445299200
524,414867,10/18/2015,Fine,3M5291E,69.50.357,(MJ) Allowing a minor to frequent a restricted area.,,1445126400
525,414867,10/18/2015,Fine,3M5291D,314.55.079,(MJ) Sale or service to minor,,1445126400
526,413806,10/10/2015,Written Warning,4I5283A,314.55.155(1),"(MJ) Advertising violations: Sign exceeding 1600 square inches; within 1000 feet of prohibited areas; on or in public transit vehicles, shelters, or publicly owned or operated property.",,1444435200
527,412123,10/9/2015,Written Warning,7E5282B,314.55.155,(MJ) Advertising: Violations (statements/illustrations).,,1444348800
528,412246,10/8/2015,Written Warning,7J5281B,314.55.083(4),(MJ) Failure to utilize and/or maintain traceability. (producer),,1444262400
529,412246,10/8/2015,Written Warning,7J5281B,314.55.017,Miscellaneous Violation,,1444262400
530,416196,10/8/2015,Fine,7H5281A,314.55.083(4),(MJ) Failure to utilize and/or maintain traceability. (producer),,1444262400
531,416016,10/7/2015,Fine,7I5280A,314.55.083(3),(MJ) Failure to maintain required security alarm and surveillance systems. (producer),,1444176000
532,412258,10/7/2015,Written Warning,7C5280A,314.55.155,(MJ) Advertising: Violations (statements/illustrations).,,1444176000
533,413193,10/7/2015,Fine,7G5280A,314.55.035,(MJ) True party of interest violation.,,1444176000
534,413193,10/7/2015,Fine,7G5280A,314.55.083(4),(MJ) Failure to utilize and/or maintain traceability. (producer),,1444176000
535,414958,10/6/2015,Written Warning,4H5279A,69.50.357,(MJ) Retail outlet selling unauthorized products.,,1444089600
536,414785,10/3/2015,Fine,2A5276A,314.55.083(4),(MJ) Failure to utilize and/or maintain traceability (processor or retail licensee).,,1443830400
537,412457,10/2/2015,Fine,7L5273A,314.55.083(3),(MJ) Failure to maintain required security alarm and surveillance systems. (producer),,1443744000
538,416184,10/2/2015,Fine,7D5275A,314.55.083(3),(MJ) Failure to maintain required security alarm and surveillance systems. (producer),,1443744000
539,416184,10/2/2015,Fine,7D5275A,314.55.087,(MJ) Records: Improper recordkeeping. (producer),,1443744000
540,416184,10/2/2015,Fine,7D5275A,66.20.010,Miscellaneous Violation,,1443744000
541,416184,10/2/2015,Fine,7D5275A,314.55.083(4),(MJ) Failure to utilize and/or maintain traceability. (producer),,1443744000
